{
    "nut * (dU_dy)^2": 0.0,
    "[nut * (dU_dy)^2] * eta": 1.1904247815380695,
    "[nut * (dU_dy)^2] * (1-eta)": 0.0,
    "+ nut * d2k_dy2": 0.4130246988520936,
    "[+ nut * d2k_dy2] * eta": 0.6570267591788151,
    "[+ nut * d2k_dy2] * (1-eta)": 0.0,
    "- nut * d2k_dy2": 0.0,
    "[- nut * d2k_dy2] * eta": 0.0,
    "[- nut * d2k_dy2] * (1-eta)": 0.0,
    "+ dnut_dy * dk_dy": 0.0,
    "[+ dnut_dy * dk_dy] * eta": 1.726393319414501,
    "[+ dnut_dy * dk_dy] * (1-eta)": 0.0,
    "- dnut_dy * dk_dy": 0.0,
    "[- dnut_dy * dk_dy] * eta": 0.0,
    "[- dnut_dy * dk_dy] * (1-eta)": 1.4333337782839999,
    "- k * omega": 0.0025425122662077674,
    "[- k * omega] * eta": 0.11033613228740086,
    "[- k * omega] * (1-eta)": 0.0
}